6.941290794999999343e+04,5.802547871666666470e+04,6.345447558444445895e+04,0.000000000000000000e+00,0.000000000000000000e+00,0.000000000000000000e+00,7.300755278863634157e+04,7.247532643750001444e+04,0.000000000000000000e+00,0.000000000000000000e+00,7.046940260000000126e+04,5.227553921666666429e+04,5.717643134222221852e+04,0.000000000000000000e+00,0.000000000000000000e+00,0.000000000000000000e+00,6.319284232954545587e+04,7.018688786250002158e+04,0.000000000000000000e+00,0.000000000000000000e+00,2.580645161290322578e-02,3.870967741935484041e-02,2.903225806451613100e-01,0.000000000000000000e+00,0.000000000000000000e+00,0.000000000000000000e+00,2.838709677419354871e-01,3.612903225806451402e-01,0.000000000000000000e+00,0.000000000000000000e+00,2.100000000000000000e+04,6.416600000000000000e+04,6.386600000000000000e+04,0.000000000000000000e+00,0.000000000000000000e+00,0.000000000000000000e+00,7.284000000000000000e+04,8.942800000000000000e+04,0.000000000000000000e+00,0.000000000000000000e+00,1.000000000000000000e+00
8.548366999999999825e+04,0.000000000000000000e+00,8.488252994999999646e+04,7.165384450000000652e+04,6.650086000000000058e+04,0.000000000000000000e+00,8.816991500000000815e+04,8.056170087999998941e+04,5.366133938834950095e+04,0.000000000000000000e+00,8.727450000000000000e+04,0.000000000000000000e+00,7.965152030000000377e+04,6.789130270000000019e+04,4.214555999999999767e+04,0.000000000000000000e+00,7.330602000000000407e+04,7.184186239999999816e+04,4.805203099417471822e+04,0.000000000000000000e+00,8.695652173913043584e-03,0.000000000000000000e+00,1.739130434782608717e-02,8.695652173913043584e-03,8.695652173913043584e-03,0.000000000000000000e+00,1.739130434782608717e-02,4.347826086956521618e-02,8.956521739130435256e-01,0.000000000000000000e+00,3.200000000000000000e+04,0.000000000000000000e+00,6.250000000000000000e+04,5.200000000000000000e+04,5.500000000000000000e+04,0.000000000000000000e+00,7.750000000000000000e+04,6.500000000000000000e+04,6.872800000000000000e+04,0.000000000000000000e+00,1.000000000000000000e+00
6.836248828333333950e+04,6.089288569999999891e+04,6.143817325161291228e+04,0.000000000000000000e+00,0.000000000000000000e+00,0.000000000000000000e+00,6.688514023529412225e+04,7.916309410000000207e+04,0.000000000000000000e+00,0.000000000000000000e+00,7.199534713333334366e+04,5.688932699999999750e+04,6.064176641290324187e+04,0.000000000000000000e+00,0.000000000000000000e+00,0.000000000000000000e+00,7.361007219999999506e+04,7.064758828571428603e+04,0.000000000000000000e+00,0.000000000000000000e+00,1.764705882352941291e-01,1.470588235294117627e-02,4.558823529411764608e-01,0.000000000000000000e+00,0.000000000000000000e+00,0.000000000000000000e+00,2.500000000000000000e-01,1.029411764705882304e-01,0.000000000000000000e+00,0.000000000000000000e+00,1.908300000000000000e+04,4.300000000000000000e+04,5.341900000000000000e+04,0.000000000000000000e+00,0.000000000000000000e+00,0.000000000000000000e+00,5.870500000000000000e+04,5.900000000000000000e+04,0.000000000000000000e+00,0.000000000000000000e+00,0.000000000000000000e+00
7.357082162499999686e+04,6.841387794999999460e+04,6.937218054999999003e+04,0.000000000000000000e+00,8.369092840000000433e+04,0.000000000000000000e+00,7.686703372222222970e+04,7.854365514285712561e+04,0.000000000000000000e+00,0.000000000000000000e+00,7.434929139999998733e+04,6.444230604999999923e+04,6.693337207500000659e+04,0.000000000000000000e+00,7.323719174999999814e+04,0.000000000000000000e+00,5.718993690000000061e+04,7.279203307142858102e+04,0.000000000000000000e+00,0.000000000000000000e+00,1.142857142857142821e-01,5.714285714285714107e-02,1.142857142857142821e-01,0.000000000000000000e+00,5.714285714285714107e-02,0.000000000000000000e+00,2.571428571428571175e-01,4.000000000000000222e-01,0.000000000000000000e+00,0.000000000000000000e+00,2.550000000000000000e+04,4.100000000000000000e+04,6.650000000000000000e+04,0.000000000000000000e+00,3.650000000000000000e+04,0.000000000000000000e+00,5.955500000000000000e+04,6.471400000000000000e+04,0.000000000000000000e+00,0.000000000000000000e+00,0.000000000000000000e+00
0.000000000000000000e+00,0.000000000000000000e+00,8.163354407499999797e+04,0.000000000000000000e+00,0.000000000000000000e+00,0.000000000000000000e+00,0.000000000000000000e+00,0.000000000000000000e+00,0.000000000000000000e+00,0.000000000000000000e+00,0.000000000000000000e+00,0.000000000000000000e+00,8.686041237499999988e+04,0.000000000000000000e+00,0.000000000000000000e+00,0.000000000000000000e+00,0.000000000000000000e+00,0.000000000000000000e+00,0.000000000000000000e+00,0.000000000000000000e+00,0.000000000000000000e+00,0.000000000000000000e+00,1.000000000000000000e+00,0.000000000000000000e+00,0.000000000000000000e+00,0.000000000000000000e+00,0.000000000000000000e+00,0.000000000000000000e+00,0.000000000000000000e+00,0.000000000000000000e+00,0.000000000000000000e+00,0.000000000000000000e+00,4.775000000000000000e+04,0.000000000000000000e+00,0.000000000000000000e+00,0.000000000000000000e+00,0.000000000000000000e+00,0.000000000000000000e+00,0.000000000000000000e+00,0.000000000000000000e+00,1.000000000000000000e+00
0.000000000000000000e+00,0.000000000000000000e+00,0.000000000000000000e+00,0.000000000000000000e+00,0.000000000000000000e+00,0.000000000000000000e+00,0.000000000000000000e+00,0.000000000000000000e+00,8.224519890000000305e+04,0.000000000000000000e+00,0.000000000000000000e+00,0.000000000000000000e+00,0.000000000000000000e+00,0.000000000000000000e+00,0.000000000000000000e+00,0.000000000000000000e+00,0.000000000000000000e+00,0.000000000000000000e+00,5.510996749999999884e+04,0.000000000000000000e+00,0.000000000000000000e+00,0.000000000000000000e+00,0.000000000000000000e+00,0.000000000000000000e+00,0.000000000000000000e+00,0.000000000000000000e+00,0.000000000000000000e+00,0.000000000000000000e+00,1.000000000000000000e+00,0.000000000000000000e+00,0.000000000000000000e+00,0.000000000000000000e+00,0.000000000000000000e+00,0.000000000000000000e+00,0.000000000000000000e+00,0.000000000000000000e+00,0.000000000000000000e+00,0.000000000000000000e+00,4.700000000000000000e+04,0.000000000000000000e+00,1.000000000000000000e+00
0.000000000000000000e+00,7.771571739999999409e+04,7.886538294999999925e+04,0.000000000000000000e+00,0.000000000000000000e+00,0.000000000000000000e+00,9.757357696666666016e+04,8.177090137999999570e+04,0.000000000000000000e+00,0.000000000000000000e+00,0.000000000000000000e+00,8.503177090000000317e+04,8.503177090000000317e+04,0.000000000000000000e+00,0.000000000000000000e+00,0.000000000000000000e+00,5.346822579999999289e+04,7.274080101999999897e+04,0.000000000000000000e+00,0.000000000000000000e+00,0.000000000000000000e+00,9.090909090909091161e-02,1.818181818181818232e-01,0.000000000000000000e+00,0.000000000000000000e+00,0.000000000000000000e+00,2.727272727272727071e-01,4.545454545454545303e-01,0.000000000000000000e+00,0.000000000000000000e+00,0.000000000000000000e+00,4.100000000000000000e+04,5.600000000000000000e+04,0.000000000000000000e+00,0.000000000000000000e+00,0.000000000000000000e+00,4.833300000000000000e+04,7.400000000000000000e+04,0.000000000000000000e+00,0.000000000000000000e+00,1.000000000000000000e+00
5.490684472352940065e+04,5.654395441428571212e+04,5.595986459200000536e+04,0.000000000000000000e+00,0.000000000000000000e+00,0.000000000000000000e+00,5.964954447619047278e+04,7.797298524615385395e+04,4.829071101538461517e+04,5.078883997272727720e+04,6.273932554117646214e+04,5.349808724285713834e+04,5.987290807199999836e+04,0.000000000000000000e+00,0.000000000000000000e+00,0.000000000000000000e+00,5.625529379999999219e+04,7.043182239230770210e+04,5.191657929615383910e+04,4.349178920909090812e+04,1.416666666666666630e-01,5.833333333333333426e-02,2.083333333333333426e-01,0.000000000000000000e+00,0.000000000000000000e+00,0.000000000000000000e+00,1.749999999999999889e-01,1.083333333333333370e-01,2.166666666666666741e-01,9.166666666666666019e-02,2.705800000000000000e+04,4.300000000000000000e+04,6.040000000000000000e+04,0.000000000000000000e+00,0.000000000000000000e+00,0.000000000000000000e+00,4.904700000000000000e+04,7.461500000000000000e+04,5.057600000000000000e+04,8.327200000000000000e+04,1.000000000000000000e+00
7.742610041666666802e+04,5.978078600000000006e+04,7.151343729999999050e+04,0.000000000000000000e+00,0.000000000000000000e+00,0.000000000000000000e+00,8.283831866666667338e+04,8.102843100588234665e+04,5.822384649999999965e+04,0.000000000000000000e+00,8.146672909999999683e+04,5.889110629999999946e+04,7.095738744999999471e+04,0.000000000000000000e+00,0.000000000000000000e+00,0.000000000000000000e+00,5.970664606666666077e+04,7.856872825882353936e+04,5.355302799999999843e+04,0.000000000000000000e+00,1.875000000000000000e-01,3.125000000000000000e-02,1.250000000000000000e-01,0.000000000000000000e+00,0.000000000000000000e+00,0.000000000000000000e+00,9.375000000000000000e-02,5.312500000000000000e-01,3.125000000000000000e-02,0.000000000000000000e+00,2.483300000000000000e+04,5.700000000000000000e+04,6.375000000000000000e+04,0.000000000000000000e+00,0.000000000000000000e+00,0.000000000000000000e+00,5.700000000000000000e+04,8.252900000000000000e+04,4.600000000000000000e+04,0.000000000000000000e+00,0.000000000000000000e+00
4.845150340000000142e+04,0.000000000000000000e+00,0.000000000000000000e+00,0.000000000000000000e+00,0.000000000000000000e+00,0.000000000000000000e+00,6.621906190000000061e+04,7.384062093076923338e+04,5.424462331428571633e+04,5.141276314999999158e+04,7.290802509999999893e+04,0.000000000000000000e+00,0.000000000000000000e+00,0.000000000000000000e+00,0.000000000000000000e+00,0.000000000000000000e+00,6.141136961999999767e+04,7.204778585000001476e+04,4.465910015714285692e+04,4.749344877499999711e+04,1.960784313725490169e-02,0.000000000000000000e+00,0.000000000000000000e+00,0.000000000000000000e+00,0.000000000000000000e+00,0.000000000000000000e+00,9.803921568627450844e-02,5.098039215686274161e-01,1.372549019607843257e-01,2.352941176470588203e-01,3.300000000000000000e+04,0.000000000000000000e+00,0.000000000000000000e+00,0.000000000000000000e+00,0.000000000000000000e+00,0.000000000000000000e+00,7.200000000000000000e+04,7.919200000000000000e+04,6.214200000000000000e+04,8.066600000000000000e+04,1.000000000000000000e+00
7.633972657500000787e+04,5.681270740000000660e+04,6.048548776190475473e+04,0.000000000000000000e+00,0.000000000000000000e+00,0.000000000000000000e+00,5.756128999677419051e+04,7.174472716521738039e+04,5.980880551111110981e+04,0.000000000000000000e+00,8.016047697499999776e+04,5.381660930000000371e+04,5.939726310476189246e+04,0.000000000000000000e+00,0.000000000000000000e+00,0.000000000000000000e+00,6.691211751612903026e+04,7.915166331304349296e+04,5.713786534444444260e+04,0.000000000000000000e+00,4.395604395604395948e-02,3.296703296703296787e-02,2.307692307692307820e-01,0.000000000000000000e+00,0.000000000000000000e+00,0.000000000000000000e+00,3.406593406593406703e-01,2.527472527472527375e-01,9.890109890109889668e-02,0.000000000000000000e+00,3.000000000000000000e+04,5.533300000000000000e+04,6.914200000000000000e+04,0.000000000000000000e+00,0.000000000000000000e+00,0.000000000000000000e+00,7.970900000000000000e+04,8.243400000000000000e+04,8.733300000000000000e+04,0.000000000000000000e+00,1.000000000000000000e+00
8.564373566666666011e+04,5.925281767499999842e+04,7.001854972222220385e+04,7.604347659999999451e+04,0.000000000000000000e+00,0.000000000000000000e+00,6.895885225555556826e+04,7.773902563333333819e+04,5.680778674444444187e+04,0.000000000000000000e+00,9.070583473333332222e+04,6.189916849999999977e+04,5.803928182222221949e+04,7.499832610000000568e+04,0.000000000000000000e+00,0.000000000000000000e+00,5.551786140000000159e+04,6.202779763333332812e+04,5.035580304444444482e+04,0.000000000000000000e+00,7.894736842105262720e-02,1.052631578947368363e-01,2.368421052631578816e-01,2.631578947368420907e-02,0.000000000000000000e+00,0.000000000000000000e+00,2.368421052631578816e-01,7.894736842105262720e-02,2.368421052631578816e-01,0.000000000000000000e+00,1.733300000000000000e+04,5.225000000000000000e+04,7.311100000000000000e+04,3.500000000000000000e+04,0.000000000000000000e+00,0.000000000000000000e+00,5.588800000000000000e+04,6.966600000000000000e+04,5.400000000000000000e+04,0.000000000000000000e+00,1.000000000000000000e+00
4.845150340000000142e+04,5.555852679999999964e+04,5.148243984999999520e+04,0.000000000000000000e+00,0.000000000000000000e+00,0.000000000000000000e+00,6.173295436923076340e+04,6.619815888999999152e+04,5.200501509999999689e+04,0.000000000000000000e+00,4.886956360000000132e+04,5.681270739999999932e+04,5.038503182499999821e+04,0.000000000000000000e+00,0.000000000000000000e+00,0.000000000000000000e+00,5.083123069230769033e+04,5.288294151999999303e+04,5.003084193333333678e+04,0.000000000000000000e+00,2.631578947368420907e-02,2.631578947368420907e-02,1.052631578947368363e-01,0.000000000000000000e+00,0.000000000000000000e+00,0.000000000000000000e+00,3.421052631578947456e-01,2.631578947368420907e-01,2.368421052631578816e-01,0.000000000000000000e+00,1.400000000000000000e+04,3.700000000000000000e+04,6.225000000000000000e+04,0.000000000000000000e+00,0.000000000000000000e+00,0.000000000000000000e+00,7.207600000000000000e+04,6.670000000000000000e+04,4.822200000000000000e+04,0.000000000000000000e+00,0.000000000000000000e+00
8.086957993749999150e+04,7.390445154999999795e+04,7.137839662857142685e+04,0.000000000000000000e+00,0.000000000000000000e+00,0.000000000000000000e+00,8.051979722142859828e+04,8.065037659259259817e+04,7.247300961034483043e+04,0.000000000000000000e+00,8.251941138750000391e+04,7.590623089999999502e+04,7.674824917142858612e+04,0.000000000000000000e+00,0.000000000000000000e+00,0.000000000000000000e+00,6.037232953571428516e+04,7.322544119259259605e+04,6.353275963448274706e+04,0.000000000000000000e+00,7.920792079207920888e-02,1.980198019801980222e-02,6.930693069306931298e-02,0.000000000000000000e+00,0.000000000000000000e+00,0.000000000000000000e+00,2.772277227722772519e-01,2.673267326732673421e-01,2.871287128712871062e-01,0.000000000000000000e+00,2.550000000000000000e+04,4.600000000000000000e+04,5.371400000000000000e+04,0.000000000000000000e+00,0.000000000000000000e+00,0.000000000000000000e+00,4.657100000000000000e+04,7.125900000000000000e+04,7.675800000000000000e+04,0.000000000000000000e+00,1.000000000000000000e+00
8.064213880000000063e+04,0.000000000000000000e+00,8.137374414999999863e+04,0.000000000000000000e+00,0.000000000000000000e+00,0.000000000000000000e+00,7.938795819999999367e+04,0.000000000000000000e+00,0.000000000000000000e+00,0.000000000000000000e+00,9.548327599999999802e+04,0.000000000000000000e+00,9.861872750000000815e+04,0.000000000000000000e+00,0.000000000000000000e+00,0.000000000000000000e+00,7.019063379999999597e+04,0.000000000000000000e+00,0.000000000000000000e+00,0.000000000000000000e+00,2.500000000000000000e-01,0.000000000000000000e+00,5.000000000000000000e-01,0.000000000000000000e+00,0.000000000000000000e+00,0.000000000000000000e+00,2.500000000000000000e-01,0.000000000000000000e+00,0.000000000000000000e+00,0.000000000000000000e+00,1.200000000000000000e+04,0.000000000000000000e+00,3.300000000000000000e+04,0.000000000000000000e+00,0.000000000000000000e+00,0.000000000000000000e+00,5.300000000000000000e+04,0.000000000000000000e+00,0.000000000000000000e+00,0.000000000000000000e+00,1.000000000000000000e+00
8.845090613571429276e+04,7.489381104999998934e+04,7.729765720000000147e+04,0.000000000000000000e+00,0.000000000000000000e+00,0.000000000000000000e+00,8.032309286315790087e+04,7.863434969078944414e+04,7.567767392500001006e+04,5.451337630000000354e+04,8.819708389285714657e+04,7.698411204999999609e+04,1.289280920000000042e+05,0.000000000000000000e+00,0.000000000000000000e+00,0.000000000000000000e+00,6.082278485263157199e+04,6.395823635526316502e+04,4.892182112500000221e+04,8.607692140000000654e+04,9.929078014184397616e-02,1.418439716312056703e-02,1.418439716312056703e-02,0.000000000000000000e+00,0.000000000000000000e+00,0.000000000000000000e+00,2.695035460992907805e-01,5.390070921985815611e-01,5.673758865248226813e-02,7.092198581560283516e-03,3.242800000000000000e+04,4.750000000000000000e+04,4.900000000000000000e+04,0.000000000000000000e+00,0.000000000000000000e+00,0.000000000000000000e+00,4.450000000000000000e+04,6.363100000000000000e+04,4.825000000000000000e+04,6.900000000000000000e+04,1.000000000000000000e+00
7.896989799999998650e+04,0.000000000000000000e+00,7.667056690000000526e+04,0.000000000000000000e+00,0.000000000000000000e+00,0.000000000000000000e+00,6.621906190000000061e+04,8.145925647272726928e+04,0.000000000000000000e+00,0.000000000000000000e+00,7.290802509999999893e+04,0.000000000000000000e+00,7.646153680000000168e+04,0.000000000000000000e+00,0.000000000000000000e+00,0.000000000000000000e+00,6.695066724999999860e+04,7.743067637272727734e+04,0.000000000000000000e+00,0.000000000000000000e+00,1.250000000000000000e-01,0.000000000000000000e+00,6.250000000000000000e-02,0.000000000000000000e+00,0.000000000000000000e+00,0.000000000000000000e+00,1.250000000000000000e-01,6.875000000000000000e-01,0.000000000000000000e+00,0.000000000000000000e+00,2.050000000000000000e+04,0.000000000000000000e+00,5.800000000000000000e+04,0.000000000000000000e+00,0.000000000000000000e+00,0.000000000000000000e+00,9.650000000000000000e+04,7.390900000000000000e+04,0.000000000000000000e+00,0.000000000000000000e+00,1.000000000000000000e+00
7.354479829999999492e+04,5.780254151428570913e+04,5.640057671999999729e+04,0.000000000000000000e+00,0.000000000000000000e+00,0.000000000000000000e+00,6.238128288000001339e+04,6.172588263529411779e+04,5.590580759302326624e+04,0.000000000000000000e+00,7.975301223333332746e+04,5.509071179999999731e+04,4.751805520000000251e+04,0.000000000000000000e+00,0.000000000000000000e+00,0.000000000000000000e+00,7.010607360000000335e+04,6.941475926470587729e+04,5.234913404883721523e+04,0.000000000000000000e+00,3.529411764705882304e-02,8.235294117647058709e-02,5.882352941176470507e-02,0.000000000000000000e+00,0.000000000000000000e+00,0.000000000000000000e+00,1.176470588235294101e-01,2.000000000000000111e-01,5.058823529411764497e-01,0.000000000000000000e+00,2.233300000000000000e+04,5.414200000000000000e+04,6.840000000000000000e+04,0.000000000000000000e+00,0.000000000000000000e+00,0.000000000000000000e+00,7.050000000000000000e+04,8.247000000000000000e+04,7.641800000000000000e+04,0.000000000000000000e+00,1.000000000000000000e+00
5.984364385000000038e+04,0.000000000000000000e+00,6.927090135999998893e+04,0.000000000000000000e+00,0.000000000000000000e+00,0.000000000000000000e+00,9.360200509999999485e+04,7.224877633076922211e+04,4.709280774999999994e+04,5.829492083636364259e+04,6.423327594999999565e+04,0.000000000000000000e+00,7.161203848000000289e+04,0.000000000000000000e+00,0.000000000000000000e+00,0.000000000000000000e+00,6.245652010000000155e+04,6.789130270769230265e+04,3.402842644999999902e+04,5.645165540909089759e+04,5.882352941176470507e-02,0.000000000000000000e+00,1.470588235294117696e-01,0.000000000000000000e+00,0.000000000000000000e+00,0.000000000000000000e+00,2.941176470588235253e-02,3.823529411764705621e-01,5.882352941176470507e-02,3.235294117647058987e-01,2.950000000000000000e+04,0.000000000000000000e+00,6.200000000000000000e+04,0.000000000000000000e+00,0.000000000000000000e+00,0.000000000000000000e+00,2.600000000000000000e+04,7.961500000000000000e+04,9.250000000000000000e+04,8.481800000000000000e+04,1.000000000000000000e+00
0.000000000000000000e+00,0.000000000000000000e+00,7.311705520000000251e+04,0.000000000000000000e+00,0.000000000000000000e+00,0.000000000000000000e+00,0.000000000000000000e+00,7.381382219999999506e+04,0.000000000000000000e+00,0.000000000000000000e+00,0.000000000000000000e+00,0.000000000000000000e+00,7.019063379999999597e+04,0.000000000000000000e+00,0.000000000000000000e+00,0.000000000000000000e+00,0.000000000000000000e+00,6.503455799999999726e+04,0.000000000000000000e+00,0.000000000000000000e+00,0.000000000000000000e+00,0.000000000000000000e+00,2.500000000000000000e-01,0.000000000000000000e+00,0.000000000000000000e+00,0.000000000000000000e+00,0.000000000000000000e+00,7.500000000000000000e-01,0.000000000000000000e+00,0.000000000000000000e+00,0.000000000000000000e+00,0.000000000000000000e+00,5.000000000000000000e+04,0.000000000000000000e+00,0.000000000000000000e+00,0.000000000000000000e+00,0.000000000000000000e+00,7.266600000000000000e+04,0.000000000000000000e+00,0.000000000000000000e+00,1.000000000000000000e+00
6.363368962105263199e+04,5.626490437931034830e+04,6.059931022446042334e+04,0.000000000000000000e+00,7.165384450000000652e+04,5.681270739999999932e+04,5.729634567058823450e+04,4.991471409999999742e+04,5.720090616666666756e+04,4.949665389999999752e+04,5.893601315263158904e+04,5.609912188965517271e+04,5.331483680719426047e+04,0.000000000000000000e+00,6.099330939999999828e+04,7.039966389999999956e+04,4.971388126274510432e+04,4.740635289999999804e+04,4.952651534285713569e+04,4.333026595000000088e+04,6.462585034013605678e-02,1.972789115646258473e-01,4.727891156462585287e-01,0.000000000000000000e+00,3.401360544217686948e-03,3.401360544217686948e-03,1.734693877551020391e-01,3.401360544217686948e-03,7.142857142857142461e-02,1.020408163265306041e-02,3.010500000000000000e+04,5.265500000000000000e+04,6.953900000000000000e+04,0.000000000000000000e+00,4.500000000000000000e+04,3.700000000000000000e+04,7.941100000000000000e+04,7.200000000000000000e+04,5.495200000000000000e+04,8.950000000000000000e+04,0.000000000000000000e+00
7.684159152727271430e+04,7.593896155000000726e+04,7.773662041000000318e+04,8.085116890000000421e+04,8.168728930000000400e+04,0.000000000000000000e+00,6.580100169999999343e+04,8.168935893366338860e+04,5.123857139999999345e+04,0.000000000000000000e+00,7.984402388181818242e+04,7.865635284999999567e+04,7.887931829666669364e+04,8.377759029999999620e+04,7.374414549999999872e+04,0.000000000000000000e+00,5.122115222499999800e+04,6.548642175148516253e+04,4.813795824999999604e+04,0.000000000000000000e+00,7.051282051282051211e-02,1.282051282051282007e-02,1.923076923076923184e-01,6.410256410256410034e-03,6.410256410256410034e-03,0.000000000000000000e+00,2.564102564102564014e-02,6.474358974358974672e-01,3.846153846153846367e-02,0.000000000000000000e+00,2.027200000000000000e+04,4.750000000000000000e+04,5.636600000000000000e+04,4.000000000000000000e+04,6.000000000000000000e+04,0.000000000000000000e+00,7.200000000000000000e+04,7.671200000000000000e+04,6.400000000000000000e+04,0.000000000000000000e+00,1.000000000000000000e+00
7.509685180000000400e+04,5.592162062727272860e+04,5.744611380000000645e+04,5.973912879999999859e+04,6.015718899999999849e+04,0.000000000000000000e+00,5.495623261999999522e+04,6.229566191428571619e+04,5.153688070930234244e+04,0.000000000000000000e+00,7.258968850000000384e+04,4.672304389090909535e+04,5.348608510909090546e+04,5.305016560000000027e+04,4.991471409999999742e+04,0.000000000000000000e+00,5.433688860666666733e+04,6.438895760000000155e+04,4.826066435581396217e+04,0.000000000000000000e+00,1.111111111111111154e-02,1.222222222222222182e-01,1.222222222222222182e-01,1.111111111111111154e-02,1.111111111111111154e-02,0.000000000000000000e+00,1.666666666666666574e-01,7.777777777777777901e-02,4.777777777777778012e-01,0.000000000000000000e+00,2.900000000000000000e+04,6.100000000000000000e+04,6.181800000000000000e+04,7.600000000000000000e+04,5.600000000000000000e+04,0.000000000000000000e+00,6.546600000000000000e+04,7.800000000000000000e+04,6.283700000000000000e+04,0.000000000000000000e+00,1.000000000000000000e+00
8.351196340833335125e+04,7.280351004999999714e+04,7.447575084999999672e+04,6.956354349999999977e+04,0.000000000000000000e+00,0.000000000000000000e+00,7.395218376666666882e+04,7.511005434754096495e+04,7.437123579999999492e+04,0.000000000000000000e+00,8.087757663333333039e+04,7.583444650000000547e+04,7.719314214999999967e+04,7.019063379999999597e+04,0.000000000000000000e+00,0.000000000000000000e+00,6.074931698333333043e+04,7.216236531639345048e+04,5.754431275000000460e+04,0.000000000000000000e+00,1.333333333333333315e-01,2.222222222222222307e-02,2.222222222222222307e-02,1.111111111111111154e-02,0.000000000000000000e+00,0.000000000000000000e+00,6.666666666666666574e-02,6.777777777777778123e-01,6.666666666666666574e-02,0.000000000000000000e+00,2.866600000000000000e+04,4.150000000000000000e+04,5.400000000000000000e+04,3.600000000000000000e+04,0.000000000000000000e+00,0.000000000000000000e+00,5.083300000000000000e+04,6.444200000000000000e+04,4.216600000000000000e+04,0.000000000000000000e+00,1.000000000000000000e+00
7.207190471052631619e+04,6.639823055714284419e+04,6.629744818749999104e+04,6.454682110000000102e+04,6.371070070000000123e+04,6.182942979999999807e+04,6.244743183478260471e+04,6.719105186999999569e+04,7.069230604800001311e+04,0.000000000000000000e+00,7.698961284736840753e+04,6.618920045714285516e+04,7.471090971250001166e+04,6.736872745000000577e+04,5.827591810000000260e+04,6.872742309999999998e+04,7.556179855652172409e+04,7.251086791500002437e+04,6.477257360799997696e+04,0.000000000000000000e+00,1.570247933884297564e-01,1.157024793388429784e-01,1.322314049586776896e-01,1.652892561983471120e-02,8.264462809917355601e-03,8.264462809917355601e-03,1.900826446280991788e-01,1.652892561983471120e-01,2.066115702479338900e-01,0.000000000000000000e+00,2.089400000000000000e+04,4.742800000000000000e+04,6.262500000000000000e+04,4.700000000000000000e+04,5.400000000000000000e+04,3.700000000000000000e+04,7.073900000000000000e+04,7.345000000000000000e+04,6.520000000000000000e+04,0.000000000000000000e+00,1.000000000000000000e+00
6.572563506666665489e+04,5.826304089999999997e+04,7.761819000000000233e+04,0.000000000000000000e+00,0.000000000000000000e+00,0.000000000000000000e+00,6.870846938363635854e+04,7.047363301999999385e+04,7.514219153500000539e+04,0.000000000000000000e+00,7.041314006666665955e+04,5.933753949999999895e+04,8.202698820000000705e+04,0.000000000000000000e+00,0.000000000000000000e+00,0.000000000000000000e+00,5.645267359636365290e+04,5.938332843499999581e+04,5.531655498999999691e+04,0.000000000000000000e+00,5.714285714285714107e-02,9.523809523809524669e-03,2.857142857142857054e-02,0.000000000000000000e+00,0.000000000000000000e+00,0.000000000000000000e+00,5.238095238095238360e-01,1.904761904761904656e-01,1.904761904761904656e-01,0.000000000000000000e+00,2.733300000000000000e+04,5.700000000000000000e+04,6.300000000000000000e+04,0.000000000000000000e+00,0.000000000000000000e+00,0.000000000000000000e+00,4.823600000000000000e+04,6.260000000000000000e+04,5.615000000000000000e+04,0.000000000000000000e+00,1.000000000000000000e+00
7.954755416363636323e+04,7.496846468571429432e+04,7.535018108000002394e+04,6.511886430000000109e+04,0.000000000000000000e+00,0.000000000000000000e+00,8.424020890000001236e+04,7.785311913870966237e+04,5.620750282631579466e+04,0.000000000000000000e+00,7.771605555454545538e+04,7.650287525714284857e+04,7.508327717000000121e+04,6.578612410000000091e+04,0.000000000000000000e+00,0.000000000000000000e+00,7.375969259999999485e+04,7.213535042258063913e+04,5.863376323157894512e+04,0.000000000000000000e+00,1.235955056179775247e-01,7.865168539325842478e-02,1.123595505617977497e-01,1.123595505617977497e-02,0.000000000000000000e+00,0.000000000000000000e+00,1.123595505617977497e-01,3.483146067415730518e-01,2.134831460674157244e-01,0.000000000000000000e+00,2.218100000000000000e+04,6.142800000000000000e+04,5.900000000000000000e+04,4.000000000000000000e+04,0.000000000000000000e+00,0.000000000000000000e+00,4.340000000000000000e+04,8.325800000000000000e+04,8.963100000000000000e+04,0.000000000000000000e+00,0.000000000000000000e+00
9.419425699999999779e+04,6.778678764999999839e+04,6.698550559999998950e+04,0.000000000000000000e+00,7.980601840000000084e+04,7.228093480000000272e+04,8.211696229444445635e+04,7.573943283636364504e+04,6.929479051428570529e+04,0.000000000000000000e+00,8.280211653333333379e+04,6.667196044999999867e+04,7.555573970000000554e+04,0.000000000000000000e+00,7.039966389999999956e+04,7.876086789999999746e+04,6.699711839444444922e+04,6.927850246363636688e+04,6.138150817142856977e+04,0.000000000000000000e+00,1.132075471698113234e-01,1.132075471698113234e-01,5.660377358490566169e-02,0.000000000000000000e+00,1.886792452830188607e-02,1.886792452830188607e-02,3.396226415094339424e-01,2.075471698113207641e-01,1.320754716981132060e-01,0.000000000000000000e+00,2.700000000000000000e+04,5.333300000000000000e+04,5.166600000000000000e+04,0.000000000000000000e+00,3.500000000000000000e+04,4.000000000000000000e+04,6.183300000000000000e+04,6.636300000000000000e+04,5.471400000000000000e+04,0.000000000000000000e+00,0.000000000000000000e+00
0.000000000000000000e+00,0.000000000000000000e+00,0.000000000000000000e+00,0.000000000000000000e+00,0.000000000000000000e+00,0.000000000000000000e+00,5.242307529999999679e+04,0.000000000000000000e+00,0.000000000000000000e+00,0.000000000000000000e+00,0.000000000000000000e+00,0.000000000000000000e+00,0.000000000000000000e+00,0.000000000000000000e+00,0.000000000000000000e+00,0.000000000000000000e+00,7.520735619999999471e+04,0.000000000000000000e+00,0.000000000000000000e+00,0.000000000000000000e+00,0.000000000000000000e+00,0.000000000000000000e+00,0.000000000000000000e+00,0.000000000000000000e+00,0.000000000000000000e+00,0.000000000000000000e+00,1.000000000000000000e+00,0.000000000000000000e+00,0.000000000000000000e+00,0.000000000000000000e+00,0.000000000000000000e+00,0.000000000000000000e+00,0.000000000000000000e+00,0.000000000000000000e+00,0.000000000000000000e+00,0.000000000000000000e+00,2.400000000000000000e+04,0.000000000000000000e+00,0.000000000000000000e+00,0.000000000000000000e+00,1.000000000000000000e+00
7.890889990000000398e+04,0.000000000000000000e+00,8.535907790000000386e+04,0.000000000000000000e+00,0.000000000000000000e+00,0.000000000000000000e+00,0.000000000000000000e+00,0.000000000000000000e+00,0.000000000000000000e+00,0.000000000000000000e+00,7.913131990000000224e+04,0.000000000000000000e+00,8.068825939999999537e+04,0.000000000000000000e+00,0.000000000000000000e+00,0.000000000000000000e+00,0.000000000000000000e+00,0.000000000000000000e+00,0.000000000000000000e+00,0.000000000000000000e+00,5.000000000000000000e-01,0.000000000000000000e+00,5.000000000000000000e-01,0.000000000000000000e+00,0.000000000000000000e+00,0.000000000000000000e+00,0.000000000000000000e+00,0.000000000000000000e+00,0.000000000000000000e+00,0.000000000000000000e+00,1.500000000000000000e+04,0.000000000000000000e+00,7.700000000000000000e+04,0.000000000000000000e+00,0.000000000000000000e+00,0.000000000000000000e+00,0.000000000000000000e+00,0.000000000000000000e+00,0.000000000000000000e+00,0.000000000000000000e+00,1.000000000000000000e+00
6.940595553076922079e+04,0.000000000000000000e+00,6.635329494500000146e+04,0.000000000000000000e+00,6.956726290000000154e+04,0.000000000000000000e+00,7.951850909999999567e+04,6.700943371249998745e+04,6.909064878571427835e+04,0.000000000000000000e+00,6.796237179230769107e+04,0.000000000000000000e+00,7.056815259499999229e+04,0.000000000000000000e+00,5.911352629999999772e+04,0.000000000000000000e+00,8.111152670000000217e+04,7.946494973749999190e+04,6.610386687142857409e+04,0.000000000000000000e+00,2.549019607843137081e-01,0.000000000000000000e+00,3.921568627450980338e-01,0.000000000000000000e+00,1.960784313725490169e-02,0.000000000000000000e+00,3.921568627450980338e-02,1.568627450980392135e-01,1.372549019607843257e-01,0.000000000000000000e+00,1.838400000000000000e+04,0.000000000000000000e+00,5.720000000000000000e+04,0.000000000000000000e+00,2.700000000000000000e+04,0.000000000000000000e+00,5.500000000000000000e+04,8.100000000000000000e+04,6.242800000000000000e+04,0.000000000000000000e+00,0.000000000000000000e+00
7.358930839259258937e+04,9.076848591111111455e+04,6.925706520410960366e+04,0.000000000000000000e+00,6.872742309999999998e+04,0.000000000000000000e+00,7.855183781428572547e+04,7.060467419038461230e+04,6.679496115510202071e+04,5.994815889999999490e+04,7.508348651481482375e+04,6.949386680000000342e+04,7.361508753150685516e+04,0.000000000000000000e+00,6.538294150000000081e+04,0.000000000000000000e+00,7.416220571428572293e+04,7.636104157500001020e+04,6.877434822857142717e+04,6.297909535000000324e+04,1.189427312775330342e-01,3.964757709251101603e-02,3.215859030837004418e-01,0.000000000000000000e+00,4.405286343612335211e-03,0.000000000000000000e+00,6.167400881057268774e-02,2.290748898678414136e-01,2.158590308370044175e-01,8.810572687224670421e-03,1.840700000000000000e+04,6.122200000000000000e+04,5.484900000000000000e+04,0.000000000000000000e+00,3.700000000000000000e+04,0.000000000000000000e+00,6.178500000000000000e+04,6.861500000000000000e+04,6.902000000000000000e+04,6.200000000000000000e+04,1.000000000000000000e+00
8.325501508333333186e+04,9.403405017999999109e+04,6.981902473333332455e+04,0.000000000000000000e+00,0.000000000000000000e+00,6.454682110000000102e+04,6.404514885999999387e+04,7.089669102666666731e+04,6.928948181555554038e+04,6.977257360000000335e+04,6.757775754999999481e+04,6.989858677999999782e+04,7.437123580000000948e+04,0.000000000000000000e+00,0.000000000000000000e+00,6.893645320000000356e+04,6.567558363999999710e+04,6.698086049111111788e+04,5.875900988666669582e+04,5.022825925000000279e+04,5.084745762711864736e-02,4.237288135593220151e-02,7.627118644067797104e-02,0.000000000000000000e+00,0.000000000000000000e+00,8.474576271186440649e-03,4.237288135593220151e-02,3.813559322033898136e-01,3.813559322033898136e-01,1.694915254237288130e-02,4.516600000000000000e+04,6.620000000000000000e+04,6.655500000000000000e+04,0.000000000000000000e+00,0.000000000000000000e+00,3.700000000000000000e+04,6.360000000000000000e+04,7.920000000000000000e+04,7.768800000000000000e+04,6.400000000000000000e+04,1.000000000000000000e+00
7.635916041249998671e+04,7.328207243333333463e+04,7.402601327777777624e+04,7.311705520000000251e+04,0.000000000000000000e+00,7.813377760000000126e+04,6.864728700909091276e+04,8.132020256666665955e+04,7.713802072000000044e+04,0.000000000000000000e+00,7.907385514999998850e+04,8.018130555000000459e+04,8.151226665555556247e+04,7.792474749999999767e+04,0.000000000000000000e+00,8.419565050000000338e+04,7.449370542727272550e+04,7.420896384523811867e+04,6.056379344000000128e+04,0.000000000000000000e+00,9.638554216867470381e-02,7.228915662650602092e-02,1.084337349397590383e-01,1.204819277108433798e-02,0.000000000000000000e+00,1.204819277108433798e-02,1.325301204819277212e-01,5.060240963855421326e-01,6.024096385542168641e-02,0.000000000000000000e+00,2.037500000000000000e+04,4.066600000000000000e+04,5.255500000000000000e+04,4.000000000000000000e+04,0.000000000000000000e+00,3.300000000000000000e+04,6.190900000000000000e+04,6.519000000000000000e+04,7.700000000000000000e+04,0.000000000000000000e+00,0.000000000000000000e+00
9.694648669999999402e+04,0.000000000000000000e+00,7.248996490000000631e+04,0.000000000000000000e+00,0.000000000000000000e+00,0.000000000000000000e+00,6.810033280000000377e+04,7.485897273333334306e+04,0.000000000000000000e+00,0.000000000000000000e+00,8.900334279999999853e+04,0.000000000000000000e+00,7.444091253333333589e+04,0.000000000000000000e+00,0.000000000000000000e+00,0.000000000000000000e+00,6.015718899999999849e+04,6.949386683333333349e+04,0.000000000000000000e+00,0.000000000000000000e+00,1.111111111111111049e-01,0.000000000000000000e+00,3.333333333333333148e-01,0.000000000000000000e+00,0.000000000000000000e+00,0.000000000000000000e+00,2.222222222222222099e-01,3.333333333333333148e-01,0.000000000000000000e+00,0.000000000000000000e+00,9.000000000000000000e+03,0.000000000000000000e+00,4.733300000000000000e+04,0.000000000000000000e+00,0.000000000000000000e+00,0.000000000000000000e+00,5.550000000000000000e+04,7.800000000000000000e+04,0.000000000000000000e+00,0.000000000000000000e+00,1.000000000000000000e+00
6.893645320000000356e+04,7.729765720000000147e+04,0.000000000000000000e+00,0.000000000000000000e+00,0.000000000000000000e+00,0.000000000000000000e+00,0.000000000000000000e+00,7.374414549999999872e+04,0.000000000000000000e+00,0.000000000000000000e+00,7.583444650000000547e+04,8.210534949999999662e+04,0.000000000000000000e+00,0.000000000000000000e+00,0.000000000000000000e+00,0.000000000000000000e+00,0.000000000000000000e+00,7.207190469999999914e+04,0.000000000000000000e+00,0.000000000000000000e+00,2.500000000000000000e-01,2.500000000000000000e-01,0.000000000000000000e+00,0.000000000000000000e+00,0.000000000000000000e+00,0.000000000000000000e+00,0.000000000000000000e+00,5.000000000000000000e-01,0.000000000000000000e+00,0.000000000000000000e+00,3.400000000000000000e+04,4.800000000000000000e+04,0.000000000000000000e+00,0.000000000000000000e+00,0.000000000000000000e+00,0.000000000000000000e+00,0.000000000000000000e+00,8.150000000000000000e+04,0.000000000000000000e+00,0.000000000000000000e+00,0.000000000000000000e+00
6.568487387777777622e+04,0.000000000000000000e+00,5.921655354999999690e+04,0.000000000000000000e+00,0.000000000000000000e+00,0.000000000000000000e+00,8.767948557222221280e+04,9.025752344999999332e+04,6.054912043750000157e+04,7.917892815000000701e+04,6.872742311111111485e+04,0.000000000000000000e+00,6.423327594999999565e+04,0.000000000000000000e+00,0.000000000000000000e+00,0.000000000000000000e+00,6.414037368888888886e+04,6.601003179999999702e+04,5.725689637500000390e+04,3.883611879999999655e+04,2.195121951219512202e-01,0.000000000000000000e+00,4.878048780487805047e-02,0.000000000000000000e+00,0.000000000000000000e+00,0.000000000000000000e+00,4.390243902439024404e-01,4.878048780487805047e-02,1.951219512195122019e-01,4.878048780487805047e-02,2.088800000000000000e+04,0.000000000000000000e+00,4.400000000000000000e+04,0.000000000000000000e+00,0.000000000000000000e+00,0.000000000000000000e+00,2.811100000000000000e+04,7.400000000000000000e+04,4.750000000000000000e+04,7.700000000000000000e+04,1.000000000000000000e+00
7.416220570000000589e+04,7.019063379999999597e+04,8.335953010000000359e+04,0.000000000000000000e+00,0.000000000000000000e+00,0.000000000000000000e+00,8.910785790000000270e+04,7.620426899230768322e+04,7.701895040000000154e+04,0.000000000000000000e+00,7.562541640000000189e+04,8.064213880000000063e+04,7.374414549999999872e+04,0.000000000000000000e+00,0.000000000000000000e+00,0.000000000000000000e+00,6.935451339999999618e+04,7.573797109230769274e+04,7.395317560000000231e+04,0.000000000000000000e+00,4.761904761904761640e-02,4.761904761904761640e-02,4.761904761904761640e-02,0.000000000000000000e+00,0.000000000000000000e+00,0.000000000000000000e+00,9.523809523809523281e-02,6.190476190476190688e-01,1.428571428571428492e-01,0.000000000000000000e+00,1.000000000000000000e+04,7.200000000000000000e+04,6.600000000000000000e+04,0.000000000000000000e+00,0.000000000000000000e+00,0.000000000000000000e+00,3.500000000000000000e+04,6.069200000000000000e+04,7.633300000000000000e+04,0.000000000000000000e+00,0.000000000000000000e+00
7.548606300000000920e+04,6.674163714999999502e+04,8.106019904999999562e+04,0.000000000000000000e+00,0.000000000000000000e+00,0.000000000000000000e+00,8.217502623333332303e+04,7.495544813333332422e+04,6.820484785000000556e+04,0.000000000000000000e+00,7.283834840000000258e+04,6.433779099999999744e+04,8.074665385000000242e+04,0.000000000000000000e+00,0.000000000000000000e+00,0.000000000000000000e+00,5.395596270000000368e+04,6.562413008205129881e+04,9.945484784999999101e+04,0.000000000000000000e+00,5.660377358490566169e-02,3.773584905660377214e-02,3.773584905660377214e-02,0.000000000000000000e+00,0.000000000000000000e+00,0.000000000000000000e+00,5.660377358490566169e-02,7.358490566037735325e-01,7.547169811320754429e-02,0.000000000000000000e+00,2.233300000000000000e+04,3.950000000000000000e+04,5.000000000000000000e+04,0.000000000000000000e+00,0.000000000000000000e+00,0.000000000000000000e+00,5.433300000000000000e+04,6.941000000000000000e+04,8.275000000000000000e+04,0.000000000000000000e+00,0.000000000000000000e+00
7.280351004999999714e+04,0.000000000000000000e+00,7.513767950000001292e+04,7.154932945000000473e+04,7.792474749999999767e+04,0.000000000000000000e+00,0.000000000000000000e+00,7.494258473999999114e+04,0.000000000000000000e+00,0.000000000000000000e+00,7.154932945000000473e+04,0.000000000000000000e+00,7.339576199999998789e+04,7.332608530000000610e+04,6.329264050000000134e+04,0.000000000000000000e+00,0.000000000000000000e+00,7.382775753999999142e+04,0.000000000000000000e+00,0.000000000000000000e+00,7.692307692307692735e-02,0.000000000000000000e+00,2.307692307692307820e-01,7.692307692307692735e-02,3.846153846153846367e-02,0.000000000000000000e+00,0.000000000000000000e+00,5.769230769230768718e-01,0.000000000000000000e+00,0.000000000000000000e+00,1.550000000000000000e+04,0.000000000000000000e+00,6.500000000000000000e+04,4.200000000000000000e+04,2.400000000000000000e+04,0.000000000000000000e+00,0.000000000000000000e+00,7.313300000000000000e+04,0.000000000000000000e+00,0.000000000000000000e+00,0.000000000000000000e+00
8.424697825000000012e+04,1.170446192499999888e+05,6.282232277500000782e+04,0.000000000000000000e+00,0.000000000000000000e+00,0.000000000000000000e+00,6.274762489999999525e+04,8.127190243125001143e+04,6.313586792499999865e+04,0.000000000000000000e+00,7.401566149999998743e+04,6.562321455000000424e+04,6.292683782500000962e+04,0.000000000000000000e+00,0.000000000000000000e+00,0.000000000000000000e+00,6.678441023333334306e+04,6.167716699687500659e+04,5.352048332500000834e+04,0.000000000000000000e+00,4.255319148936170109e-02,4.255319148936170109e-02,8.510638297872340219e-02,0.000000000000000000e+00,0.000000000000000000e+00,0.000000000000000000e+00,6.382978723404254817e-02,6.808510638297872175e-01,8.510638297872340219e-02,0.000000000000000000e+00,2.300000000000000000e+04,9.350000000000000000e+04,7.350000000000000000e+04,0.000000000000000000e+00,0.000000000000000000e+00,0.000000000000000000e+00,7.100000000000000000e+04,8.156200000000000000e+04,5.825000000000000000e+04,0.000000000000000000e+00,1.000000000000000000e+00
9.959413927499999409e+04,7.106859745000000112e+04,6.222007272857143107e+04,0.000000000000000000e+00,0.000000000000000000e+00,0.000000000000000000e+00,6.336729411428572348e+04,6.621928507333333255e+04,5.911143410000000586e+04,0.000000000000000000e+00,7.150897400000000198e+04,7.173585722499999974e+04,5.773554288571428333e+04,0.000000000000000000e+00,0.000000000000000000e+00,0.000000000000000000e+00,6.353153204285714310e+04,6.380857042666666530e+04,6.771900165624999499e+04,0.000000000000000000e+00,5.333333333333333676e-02,5.333333333333333676e-02,9.333333333333333759e-02,0.000000000000000000e+00,0.000000000000000000e+00,0.000000000000000000e+00,1.866666666666666752e-01,4.000000000000000222e-01,2.133333333333333470e-01,0.000000000000000000e+00,2.000000000000000000e+04,4.700000000000000000e+04,6.014200000000000000e+04,0.000000000000000000e+00,0.000000000000000000e+00,0.000000000000000000e+00,7.042800000000000000e+04,8.066600000000000000e+04,7.575000000000000000e+04,0.000000000000000000e+00,1.000000000000000000e+00
7.757636400000000140e+04,7.657555321818181255e+04,7.681987411428570340e+04,0.000000000000000000e+00,0.000000000000000000e+00,0.000000000000000000e+00,7.733946322000000509e+04,8.366550171014490479e+04,8.035472241250000661e+04,0.000000000000000000e+00,8.342920683333334455e+04,7.465627684545454395e+04,8.431509631428572175e+04,0.000000000000000000e+00,0.000000000000000000e+00,0.000000000000000000e+00,6.513210538000000088e+04,7.591018205797098926e+04,6.906709701250000217e+04,0.000000000000000000e+00,5.660377358490566169e-02,1.037735849056603821e-01,6.603773584905660299e-02,0.000000000000000000e+00,0.000000000000000000e+00,0.000000000000000000e+00,4.716981132075472039e-02,6.509433962264150608e-01,7.547169811320754429e-02,0.000000000000000000e+00,2.366600000000000000e+04,4.554500000000000000e+04,5.114200000000000000e+04,0.000000000000000000e+00,0.000000000000000000e+00,0.000000000000000000e+00,5.100000000000000000e+04,6.718800000000000000e+04,6.675000000000000000e+04,0.000000000000000000e+00,1.000000000000000000e+00
0.000000000000000000e+00,4.991471409999999742e+04,7.304737849999999162e+04,0.000000000000000000e+00,0.000000000000000000e+00,0.000000000000000000e+00,5.799721130000000267e+04,6.548745655000000261e+04,6.395456914999999572e+04,4.542056695000000036e+04,0.000000000000000000e+00,1.790953160999999964e+05,7.423188240000000224e+04,0.000000000000000000e+00,0.000000000000000000e+00,0.000000000000000000e+00,5.799721130000000267e+04,7.035487175000000570e+04,5.939074530000000959e+04,3.883611879999999655e+04,0.000000000000000000e+00,3.448275862068965469e-02,1.034482758620689641e-01,0.000000000000000000e+00,0.000000000000000000e+00,0.000000000000000000e+00,1.034482758620689641e-01,4.827586206896551935e-01,2.068965517241379282e-01,6.896551724137930939e-02,0.000000000000000000e+00,9.400000000000000000e+04,6.200000000000000000e+04,0.000000000000000000e+00,0.000000000000000000e+00,0.000000000000000000e+00,6.300000000000000000e+04,5.928500000000000000e+04,6.283300000000000000e+04,7.800000000000000000e+04,1.000000000000000000e+00
